ID,value
1,1
1000,1000
1001,1000
1002,1000
1003,1000
100000,20
100002,1
100004,15
100009,10
100010,20
100011,5
100012,8
100015,10
100016,10
100017,15
100018,1000
100019,1000
100025,30
100026,40
100050,10
100051,30
100052,25
100053,15
100054,15
100055,30
100056,80
100057,120
100058,100
100059,20
100060,6
100061,25
100062,15
100063,24
100064,50
100075,10
100076,12
100077,8
100078,15
100079,8
100080,8
100081,6
100082,6
100083,18
100084,80
100085,65
100086,5
100087,1
100088,1
100089,1
100100,50
100101,10
100102,50
100103,10
100104,1
100105,12
100107,8
100108,16
100111,50
100112,20
100113,1
100114,2
100117,20
100118,2
100119,30
100122,10
100126,25
100127,30
100150,160
100155,6
100160,6
100175,40
100176,50
100177,30
100185,80
100186,90
100200,10
100201,15
100225,20
100226,30
100227,40
100228,30
100229,50
100250,10
100251,15
100252,25
100253,50
100275,120
100276,75
100277,60
100278,90
100279,120
100280,100
100281,20
100282,6
100283,25
100284,15
100285,24
100286,50
100300,1
100301,1
100302,1
100310,1
100325,25
100326,15
100329,8
100330,6
100334,30
100335,50
100336,30
100337,15
100338,35
100339,25
100340,6
100350,15
100351,10
100352,15
100353,10
100354,30
100355,35
100356,6
100357,8
100358,90
100359,75
100360,60
100361,130
100362,60
100363,55
100364,130
100365,100
100366,75
100367,60
100368,80
100369,25
100370,20
100371,35
100372,75
100373,100
100374,60
100375,70
100376,40
100377,85
100378,100
100400,30
100401,100
100402,120
100403,100
100404,20
100405,6
100406,25
100407,15
100408,24
100409,50
100425,40
100426,60
100428,55
100429,130
100430,100
100431,75
100432,60
100433,80
100434,25
100435,20
100436,35
100437,75
100438,100
100439,60
100440,70
100441,40
100442,85
100443,100
100475,4
100476,4
100477,20
100500,2
100501,3
100502,5
100503,5
100504,10
100506,3
100508,2
100509,60
100510,2
100511,6
100512,240
100513,5
100514,2
100515,10
100516,15
100517,10
100518,10
100521,10
100525,5
100526,12
100539,3
100540,6
100541,8
100542,6
100543,12
100546,15
100547,2
100548,30
100549,10
100550,15
100551,20
100552,5
100553,5
100554,8
100555,1
100556,16
100561,20
100562,8
100563,6
100564,6
100565,10
100566,1
100567,2
100568,15
100575,5
100576,4
100577,20
100578,1
100579,12
100585,2
100586,6
100587,18
100588,9
100589,6
100592,6
100593,6
100594,15
100595,2
100600,20
100601,32
100602,6
100603,10
100604,15
100605,5
100606,6
100607,30
100608,15
100613,15
100614,24
100615,15
100616,15
100617,2
100618,4
100619,40
100620,4
100625,15
100626,30
100627,10
100628,10
100629,15
100630,10
100631,10
100632,18
100633,8
100634,4
100635,28
100636,4
100637,6
100638,70
100650,6
100651,2
100652,20
100653,1
100654,10
100655,28
100657,30
100658,18
100659,30
100660,35
100664,20
100665,4
100666,50
100667,7
100675,35
100676,12
100677,8
100678,16
100680,30
100681,40
100682,30
100683,6
100684,9
100686,8
100687,8
100688,20
100689,2
100690,2
100691,10
100692,15
100693,10
100694,10
100695,20
100696,12
100697,80
100700,20
100701,100
100702,20
100703,15
100704,35
100705,18
100706,15
100707,4
100708,6
100714,20
100715,20
100718,20
100719,20
100720,20
100721,20
100725,20
100726,16
100728,40
100729,3
100730,55
100732,2
100733,6
100734,2
100737,24
100738,15
100739,10
100740,10
100741,15
100742,60
100743,8
100744,9
100745,12
100746,420
100750,16
100751,12
100752,20
100753,40
100754,6
100755,9
100756,12
100760,2
100761,2
100762,2
100764,20
100765,20
100766,25
100767,38
100770,35
100771,30
100772,240
100773,20
100775,30
100776,35
100777,50
100778,300
100780,16
100784,6
100785,12
100786,18
100792,2
100794,10
100795,15
100796,10
100797,10
100798,5
100801,1
100802,24
100804,4
100805,6
100806,160
100813,25
100814,15
100825,40
100826,40
100827,15
100828,4
100829,6
100830,200
100831,2
100832,16
100837,8
100840,2
100841,10
100842,15
100843,10
100844,10
100845,18
100851,12
100852,18
100853,40
100854,36
100857,360
100861,30
100862,16
100865,20
100866,16
100867,20
100875,12
100876,30
100877,50
100878,30
100879,55
100880,30
100881,70
100882,10
100883,15
100884,10
100885,10
100886,40
100887,30
100888,40
100889,18
100891,2
100893,30
100894,9
100895,12
100896,560
100900,75
100901,50
100902,24
100903,12
100904,18
100905,24
100909,80
100914,6
100915,10
100916,15
100917,10
100918,10
100919,480
100920,2
100925,10
100926,60
100927,8
100928,20
100930,4
100931,6
100932,60
100935,2
100936,30
100937,25
100940,4
100941,16
100950,25
100951,30
100952,2
100953,30
100954,6
100955,9
100956,120
100957,12
100962,75
100963,2
100964,3
100965,10
100966,15
100967,10
100976,50
100977,50
100981,80
100982,30
100983,12
100984,16
100985,2
100986,2
100987,24
100988,36
100989,640
101503,120
101504,200
101505,120
101506,120
101507,80
101508,120
101509,80
101510,80
101511,200
101512,70
101513,100
101514,70
101515,70
101516,100
101517,150
101518,100
101519,100
101520,120
101521,200
101522,120
101523,120
101524,120
101525,40
101526,60
101527,40
101528,40
101529,40
101530,60
101531,40
101532,40
101549,8
101550,40
101551,60
101552,40
101553,40
101555,80
101556,120
101557,80
101558,100
101559,150
101560,100
101561,100
101562,100
101563,150
101564,100
101565,100
101566,120
101567,200
101568,120
101569,120
101800,10
101801,10
101802,1
101803,1
101804,5
101805,40
101806,25
101807,35
101808,20
101809,50
101810,45
101811,30
101812,30
101813,5
101814,5
101815,5
101816,5
101817,3
101818,9
101819,4
101820,12
101821,2
101822,6
101823,40
101824,30
101827,300
101828,600
101829,9
101830,18
101831,36
101832,54
101833,81
101834,108
101835,144
101836,180
101837,225
101838,18
101839,36
101840,72
101841,108
101842,162
101843,216
101844,288
101845,360
101846,450
101847,2
101848,4
101849,10
101850,15
101851,12
101852,20
101853,20
101854,30
101855,30
101856,4
101857,6
101858,1
101859,30
101860,40
101861,40
101862,50
101863,50
101864,4
101865,10
101866,6
101867,8
101868,8
101869,6
101870,10
101871,8
101872,12
101873,15
101874,30
101885,6
101886,15
101887,10
101888,20
101889,8
101890,18
101891,10
101892,10
101893,12
101894,4
101895,4
101950,1
101951,1
101952,1
101953,1
101954,1
101955,1
101956,1
101957,1
101958,1
101959,1
101960,1
101961,1
101962,1
101975,1
101976,1
101980,1
102100,100
102101,100
102102,100
102103,100
102104,100
102105,100
102106,100
102107,100
102108,100
102109,100
102110,100
102111,100
102112,100
102113,100
102114,100
102115,100
102116,100
102117,100
102118,100
102119,100
102120,100
102121,100
102122,100
102123,100
102124,100
102125,100
102126,100
102127,100
102128,100
102129,100
102130,100
102131,100
102132,100
102133,100
102134,100
102135,100
102136,100
102137,100
102138,100
102139,100
102140,100
102141,100
102142,100
102143,100
102144,100
102145,100
102150,100
102151,100
102152,100
102153,100
102154,100
102155,100
102156,100
102157,100
102158,100
102159,100
102160,100
102161,100
102162,100
102163,100
102164,100
102165,100
102166,100
102167,100
102168,100
102169,100
102170,100
102171,100
102172,100
102173,100
102174,100
102175,100
102176,100
102177,100
102178,100
102179,100
102180,100
102181,100
102182,100
102183,100
102250,20
102255,100
102256,3
102257,5
102259,5
102260,40
102261,40
102262,40
102263,40
102264,40
102265,8
102266,8
102270,660
102271,8
102273,1
102274,1
102275,3
102276,6
102277,8
102278,6
102280,10
102281,10
102282,500
102300,200
102301,240
102302,240
102303,400
102304,20
102305,40
102306,60
102307,120
102308,90
102350,1
102351,1
102355,1
102400,1000
102401,80
102402,12
102403,500
108526,6
108555,1
108556,8
108578,1
108579,6
108601,16
108620,2
108634,2
108635,14
108653,1
108655,14
108677,4
108690,1
108702,10
108726,8
108732,1
108733,3
108734,1
108742,30
108756,6
108760,1
108761,1
108762,1
108780,8
108784,3
108792,1
108801,1
108802,12
108831,1
108832,8
108840,1
108854,18
108886,20
108891,1
108902,12
108914,3
108920,1
108927,4
108935,1
108952,1
108957,6
108984,8
108985,1
108986,1
111000,10
111001,10
111002,10
111003,10
111004,10
111005,10
111006,10
111007,10
111008,10
111009,10
111010,10
111011,10
111012,10
111013,10
111014,10
111015,10
111016,10
111017,10
111018,10
111019,10
111020,10
111021,10
111022,10
111023,10
111024,10
111025,10
111026,10
111029,10
111030,10
111031,10
111032,10
111033,10
111034,10
111036,10
111037,10
111038,10
111039,10
111040,10
111041,10
111042,10
111043,10
111044,10
111045,10
111047,10
111049,10
111050,10
111051,10
111052,10
111053,10
111054,10
111055,10
111056,10
111057,10
111058,10
111059,10
111060,10
111061,10
111062,10
111063,10
111064,10
111065,10
111066,10
111067,10
111068,10
111069,10
111070,10
111073,10
111074,10
111075,10
111076,10
111077,10
111078,10
111079,10
111080,10
111081,10
111082,10
111100,10
111101,10
111102,10
111103,10
111104,10
111105,10
111106,10
111110,10
111111,10
111112,10
111113,10
111114,10
111115,10
111116,10
111117,10
111118,10
111119,10
111120,10
111121,10
111122,10
111123,10
111124,10
111125,10
111126,10
111127,10
111128,10
111129,10
111130,10
111131,10
111132,10
111133,10
111200,10
111201,10
111202,10
111203,10
111204,10
111205,10
111206,10
111207,10
111208,10
111209,10
111210,10
111211,10
111212,10
111213,10
111214,10
111215,10
111216,10
111217,10
111218,10
111219,10
111220,10
111221,10
111222,10
111223,10
111224,10
111225,10
111226,10
111229,10
111230,10
111231,10
111232,10
111233,10
111234,10
111236,10
111237,10
111238,10
111239,10
111240,10
111241,10
111242,10
111243,10
111244,10
111245,10
111247,10
111249,10
111250,10
111251,10
111252,10
111253,10
111254,10
111255,10
111256,10
111257,10
111258,10
111259,10
111260,10
111261,10
111262,10
111263,10
111264,10
111265,10
111266,10
111267,10
111268,10
111269,10
111270,10
111273,10
111274,10
111275,10
111276,10
111277,10
111278,10
111279,10
111280,10
111281,10
111282,10
111300,10
111301,10
111302,10
111303,10
111304,10
111305,10
111306,10
111310,10
111311,10
111312,10
111313,10
111314,10
111315,10
111316,10
111317,10
111318,10
111319,10
111320,10
111321,10
111322,10
111323,10
111324,10
111325,10
111326,10
111327,10
111328,10
111329,10
111330,10
111331,10
111332,10
111333,10
111875,900
111876,2
111877,6
111878,12
111879,18
111880,27
111881,36
111882,48
111883,60
111884,750
111885,900
111886,30
111887,60
111888,120
111889,180
111890,270
111891,360
111892,480
111893,600
112000,1
112001,1
112002,1
112003,1
112004,1
112005,1
112006,1
112008,1
112009,1
112010,1
112011,1
112012,1
112013,1
112014,1
112015,1
112016,1
112017,1
112018,1
112019,1
112020,1
112021,1
112022,1
112023,1
112024,1
112025,1
112026,1
112027,1
112028,1
112029,1
112030,1
112031,1
112032,1
112033,1
112034,1
112035,1
112036,1
112037,1
112038,1
112039,1
112040,1
112041,1
112042,1
112043,1
112044,1
112045,1
112046,1
112047,1
112048,1
112049,1
112050,1
112051,1
112052,1
112053,1
112054,1
112055,1
112056,1
112057,1
112058,1
112059,1
112060,1
112061,1
112062,1
112063,1
112064,1
112065,1
112066,1
112067,1
112068,1
112069,1
112070,1
112071,1
112072,1
112073,1
112074,1
112075,1
112076,1
112077,1
112078,1
112079,1
112080,1
112081,1
112082,1
112083,1
112084,1
112085,1
112086,1
112087,1
112088,1
112089,1
112090,1
112091,1
112100,1
112101,1
112102,1
112103,1
112104,1
112105,1
112106,1
112107,1
112108,1
112109,1
112110,1
112111,1
112112,1
112113,1
112114,1
112115,1
112116,1
112117,1
112118,1
112119,1
112120,1
112121,1
112122,1
112123,1
112124,1
514600,50
600000,4
600001,6
600002,8
600003,8
600004,8
600005,8
600006,8
600007,10
600008,10
600009,12
600010,16
600011,12
600012,12
600013,5
600014,3
600015,5
600016,1
600017,1
600018,3
600019,3
600020,1
600021,2
600022,2
899000,5000
899001,5000
899002,5000
900000,1
900001,1
900002,1
900003,1
900004,1
900010,1
900011,1
900012,1
900013,1
900014,1
900020,1
900021,1
900022,1
900023,1
900024,1
900030,1
900031,1
900032,1
900033,1
900034,1
1600101,4
1600102,6
1600103,8
1600104,8
1600105,8
1600106,8
1600107,8
1600108,10
1600109,10
1600110,12
1600111,16
1600112,12
1600113,12
1600114,5
1600115,3
1600116,5
1600117,1
1600118,1
1600119,3
1600120,3
1600121,1
1600122,2
1600123,2
1600401,10
1600402,15
1600403,15
1600404,8
1600405,12
1600406,6
1600407,10
1600408,10
1600409,16
1600410,20
1600411,16
1600412,16
1600413,16
1600414,20
1600415,16
1600416,16
1600417,8
1600418,10
1600419,1
1600420,5
3010000,10
3010050,10
3013300,10
3013350,10
3016600,10
3016650,10
3020000,10
3020050,10
3023300,10
3023350,10
3026600,10
3026650,10
3030000,10
3030050,10
3033300,10
3033350,10
3036600,10
3036650,10
3040000,10
3040050,10
3043300,10
3043350,10
3046600,10
3046650,10
3050000,10
3050050,10
3053300,10
3053350,10
3056600,10
3056650,10
3060000,10
3060050,10
3063300,10
3063350,10
3066600,10
3066650,10
3070000,10
3070050,10
3073300,10
3073350,10
3076600,10
3076650,10
3080000,10
3080050,10
3083300,10
3083350,10
3086600,10
3086650,10
50000100,1
50000101,1
50000102,1
50000103,1
50000104,1
50000105,1
50000106,1
50000107,1
50000108,1
50000109,1
50000110,1
50000111,1
50000112,1
50000113,1
50000114,1
50000115,1
50000116,1
50000117,1
50000150,1
50000151,1
50000200,1
50000201,1
50000202,1
50000203,1
50000204,1
50000205,1
50000206,1
50000207,1
50000208,1
50000209,1
50000210,1
50000211,1
50000212,1
50000214,1
50000215,1
50000218,1
50000219,1
50000220,1
50000221,1
50000222,1
50000223,1
50000224,1
50000225,1
50000226,1
50000251,1
50000252,1
50000253,1
50000254,1
50000255,1
50000256,1
50000300,1
50000301,1
50000302,1
50000303,1
50000304,1
50000305,1
50000306,1
50000307,1
50000308,1
50000309,1
50000310,1
50000313,1
50000314,1
50000315,1
50000316,1
50000317,1
50000318,1
50000319,1
50000320,1
50000321,1
50000350,1
50000351,1
50000352,1
50000355,1
50000400,1
50000401,1
50000402,1
50000403,1
50000404,1
50000405,1
50000406,1
50000407,1
50000408,1
50000410,1
50000411,1
50000450,1
50000452,1
50000453,1
50000500,1
50000501,1
50000502,1
50000503,1
50000504,1
50000505,1
50000506,1
50000600,1
50000601,1
50000602,1
50000604,1
50000650,1
50000700,1
50000701,1
50000702,1
50000703,1
50000704,1
50000705,1
50000706,1
50000707,1
50000708,1
50000710,1
50000711,1
50000712,1
50000713,1
50000714,1
50000715,1
50000716,1
50000750,1
50000751,1
50000752,1
50000753,1
50000801,1
50000802,1
50000803,1
50000804,1
50000805,1
50000806,1
50000807,1
50000808,1
50000809,1
50000810,1
50000811,1
50000850,1
50000851,1
50000852,1
50000900,1
50000901,1
50000902,1
50000903,1
50000904,1
50000906,1
50000907,1
50000908,1
50000950,1
50001000,1
50001001,1
50001003,1
50001005,1
50001008,1
50001009,1
50001010,1
50001050,1
50001051,1
50001100,1
50001101,1
50001103,1
50001104,1
50001105,1
50001106,1
50001107,1
50001108,1
50001109,1
50001110,1
50001111,1
50001112,1
50001113,1
50001114,1
50001115,1
50001150,1
50001200,1
50001201,1
50001202,1
50001203,1
50001206,1
50001208,1
50001213,1
50001214,1
50001215,1
50001216,1
50001217,1
50001218,1
50001219,1
50001220,1
50001221,1
50001250,1
50001251,1
50001252,1
50001253,1
50001300,1
50001301,1
50001302,1
50001303,1
50001304,1
50001350,1
50001400,1
50001401,1
50001402,1
50001403,1
50001404,1
50001405,1
50001406,1
50001407,1
50001408,1
50001410,1
50001411,1
50001412,1
50001414,1
50001450,1
50001451,1
50001452,1
50001454,1
50001500,1
50001501,1
50001502,1
50001503,1
50001504,1
50001505,1
50001506,1
50001508,1
50001511,1
50001512,1
50001513,1
50001514,1
50001550,1
50001551,1
50001600,1
50001601,1
50001602,1
50001603,1
50001604,1
50001605,1
50001606,1
50001607,1
50001608,1
50001609,1
50001610,1
50001611,1
50001612,1
50001613,1
50001614,1
50001615,1
50001616,1
50001617,1
50001618,1
50001650,1
50001652,1
50001654,1
50001655,1
50001701,1
50001702,1
50001703,1
50001705,1
50001706,1
50001707,1
50001750,1
50001751,1
50001752,1
50001800,1
50001801,1
50001802,1
50001803,1
50001804,1
50001805,1
50001806,1
50001807,1
50001808,1
50001809,1
50001810,1
50001811,1
50001812,1
50001813,1
50001814,1
50001815,1
50001816,1
50001817,1
50001850,1
50001851,1
50001900,1
50001901,1
50001902,1
50001906,1
50001950,1
50002000,1
50002002,1
50002003,1
50002005,1
50002006,1
50002007,1
50002050,1
50002100,1
50002101,1
50002105,1
50002106,1
50002107,1
50002108,1
50002110,1
50002111,1
50002112,1
50002113,1
50002114,1
50002150,1
50002151,1
50002152,1
50002153,1
50002154,1
50002155,1
50002200,1
50002201,1
50002202,1
50002203,1
50002204,1
50002250,1
50002300,1
50002301,1
50002302,1
50002303,1
50002304,1
50002305,1
50002306,1
50002307,1
50002308,1
50002309,1
50002310,1
50002311,1
50002312,1
50002313,1
50002314,1
50002315,1
50002350,1
50002351,1
50002352,1
50002400,1
50002402,1
50002404,1
50002405,1
50002406,1
50002407,1
50002450,1
50002451,1
50003000,1
50003001,1
50003002,1
50003003,1
50003004,1
50003006,1
50003007,1
50003008,1
50003009,1
50003010,1
50003011,1
50003012,1
50003013,1
50003014,1
50003015,1
50003019,1
50003020,1
50003051,1
50003100,1
50003101,1
50003102,1
50003103,1
50003104,1
50003105,1
50003106,1
50003107,1
50003108,1
50003109,1
50003110,1
50003113,1
50003114,1
50003117,1
50003119,1
50003123,1
50003124,1
50003125,1
50003126,1
50003127,1
50003128,1
50003129,1
50003130,1
50003131,1
50003132,1
50003133,1
50003134,1
50003150,1
50003151,1
50003152,1
50003200,1
50003202,1
50003203,1
50003204,1
50003205,1
50003208,1
50003209,1
50003212,1
50003213,1
50003214,1
50003215,1
50003216,1
50003217,1
50003219,1
50003220,1
50003221,1
50003222,1
50003223,1
50003224,1
50003225,1
50003226,1
50003227,1
50003228,1
50003229,1
50003230,1
50003250,1
50003252,1
50003300,1
50003304,1
50003305,1
50003306,1
50003309,1
50003312,1
50003313,1
50003317,1
50003318,1
50003319,1
50003320,1
50003321,1
50003323,1
50003324,1
50003325,1
50003326,1
50003327,1
50003328,1
50003351,1
50003352,1
50003400,1
50003401,1
50003402,1
50003403,1
50003404,1
50003406,1
50003407,1
50003408,1
50003409,1
50003450,1
50003451,1
50003452,1
50004000,1
50004001,1
50004002,1
50004003,1
50004005,1
50004050,1
50004100,1
50004101,1
50004102,1
50004103,1
50004104,1
50004106,1
50004107,1
50004151,1
50004200,1
50004201,1
50004203,1
50004204,1
50004250,1
50004300,1
50004302,1
50004303,1
50004305,1
50004306,1
50004308,1
50004311,1
50004350,1
50004351,1
50004400,1
50004401,1
50004450,1
50006050,1
50006051,1
50006150,1
50006151,1
50006152,1
50006153,1
50006154,1
50006250,1
50006251,1
50006350,1
50006450,1
50006451,1
50006452,1
50006650,1
50006651,1
50006652,1
50006750,1
50006751,1
50006752,1
50006850,1
50006851,1
51000400,1
51000401,1
51000402,1
51000403,1
51000500,1
51000501,1
51000502,1
51000503,1
51000600,1
51000601,1
51000602,1
51000603,1
51000800,1
51000801,1
51000802,1
51000803,1
51000900,1
51000901,1
51000902,1
51000903,1
51001000,1
51001001,1
51001002,1
51001003,1
51001200,1
51001201,1
51001202,1
51001203,1
51001300,1
51001301,1
51001302,1
51001303,1
51001400,1
51001401,1
51001402,1
51001403,1
51001500,1
51001501,1
51001502,1
51001503,1
51001600,1
51001601,1
51001602,1
51001603,1
51001700,1
51001701,1
51001702,1
51001703,1
51001800,1
51001801,1
51001802,1
51001803,1
51001900,1
51001901,1
51001902,1
51001903,1
51002000,1
51002001,1
51002002,1
51002003,1
51002100,1
51002101,1
51002102,1
51002103,1
51002200,1
51002201,1
51002203,1
51002300,1
51002301,1
51002302,1
51002303,1
51002400,1
51002401,1
51002402,1
51002403,1
51002500,1
51002501,1
51002503,1
51002600,1
51002601,1
51002602,1
51002603,1
51002700,1
51002701,1
51002702,1
51002703,1
51002800,1
51002801,1
51002802,1
51002803,1
51002900,1
51002901,1
51002902,1
51002903,1
51002920,1
51002921,1
51002930,1
51002931,1
51003000,1
51003001,1
51003003,1
51003100,1
51003101,1
51003103,1
51003200,1
51003201,1
51003203,1
51003300,1
51003301,1
51003302,1
51003303,1
51003400,1
51003401,1
51003402,1
51003403,1
51003500,1
51003501,1
51003502,1
51003503,1
51003510,1
51003511,1
51003512,1
51003513,1
51003600,1
51003601,1
51003602,1
51003603,1
51003700,1
51003701,1
51003703,1
51003800,1
51003801,1
51003900,1
51003901,1
51003903,1
51004200,1
51004201,1
51004202,1
51004203,1
51004300,1
51004301,1
51004303,1
51004400,1
51004600,1
51004601,1
51004602,1
51004603,1
51004700,1
51004701,1
51004702,1
51004703,1
51004801,1
51005100,1
51005101,1
51005102,1
51005103,1
51005200,1
51005201,1
51005202,1
51005203,1
51005300,1
51005301,1
51005302,1
51005303,1
51005400,1
51005401,1
51005402,1
51005403,1
51005700,1
51005701,1
51005702,1
51005703,1
51005710,1
51005711,1
51005800,1
51005801,1
51005802,1
51005803,1
51005810,1
51005811,1
51005812,1
51005900,1
51005901,1
51005902,1
51005903,1
51006000,1
51006001,1
51006002,1
51006003,1
51006100,1
51006101,1
51006102,1
51006103,1
51006200,1
51006201,1
51006203,1
51006300,1
51006301,1
51006302,1
51006303,1
51006400,1
51006401,1
51006402,1
51006403,1
51006500,1
51006501,1
51006502,1
51006503,1
51006510,1
51006600,1
51006601,1
51006602,1
51006603,1
51006700,1
51006701,1
51006702,1
51006703,1
51006800,1
51006801,1
51006802,1
51006803,1
51006900,1
51006901,1
51006902,1
51006903,1
51007000,1
51007001,1
51007002,1
51007003,1
51007200,1
51007201,1
51007202,1
51007203,1
51007300,1
51007301,1
51007302,1
51007303,1
51007400,1
51007401,1
51007402,1
51007403,1
51007600,1
51007601,1
51007602,1
51007603,1
51007700,1
51007701,1
51007702,1
51007703,1
51007800,1
51007801,1
51007802,1
51007803,1
51007900,1
51007901,1
51007902,1
51007903,1
51008000,1
51008001,1
51008100,1
51008101,1
51008102,1
51008103,1
51008200,1
51008300,1
51008301,1
51008302,1
51008303,1
51008310,1
51008320,1
51008330,1
51008340,1
51008400,1
51008401,1
51008500,1
51008600,1
51008601,1
51008602,1
51008603,1
51008700,1
51008701,1
51008702,1
51008703,1
51008720,1
51008721,1
51008722,1
51008723,1
51008800,1
51008801,1
51008802,1
51008803,1
51008900,1
51008901,1
51008902,1
51008903,1
51009000,1
51009001,1
51009002,1
51009003,1
51009100,1
51009101,1
51009102,1
51009103,1
51009200,1
51009300,1
51009301,1
51009302,1
51009303,1
51009400,1
51009401,1
51009402,1
51009403,1
51009500,1
51009501,1
51009502,1
51009503,1
51009600,1
51009601,1
51009603,1
51009610,1
51009611,1
51009621,1
51009630,1
51009631,1
51009632,1
51009640,1
51009641,1
51009700,1
51009701,1
51009702,1
51009703,1
51009800,1
51009801,1
51009802,1
51009803,1
51009900,1
51009901,1
51009902,1
51009903,1
51010000,1
51010001,1
51010002,1
51010003,1
51010100,1
51010101,1
51010103,1
51010201,1
51010202,1
51010203,1
51010300,1
51010301,1
51010400,1
51010401,1
51010402,1
51010403,1
51010600,1
51010601,1
51010700,1
51010701,1
51010702,1
51010703,1
51010800,1
51010810,1
51010820,1
51010830,1
51010840,1
51010850,1
51010900,1
51011000,1
51011001,1
51011002,1
51011003,1
51011010,1
51011011,1
51011021,1
51011100,1
51011200,1
51011300,1
51011301,1
51011302,1
51011303,1
51013000,1
51013010,1
51014000,1
51014001,1
51014002,1
51014003,1
51014010,1
51015000,1
51015001,1
51015002,1
51015003,1
51016000,1
51017000,1
51017001,1
51017002,1
51017003,1
51017100,1
51017101,1
51017102,1
51017103,1
51017200,1
51017201,1
51017202,1
51017203,1
51017300,1
51017301,1
51017302,1
51017303,1
51017401,1
51017402,1
51017403,1
51017500,1
51017501,1
51017502,1
51017503,1
51017600,1
51017601,1
51017602,1
51017603,1
51017700,1
51017701,1
51017702,1
51017703,1
51017800,1
51017801,1
51017802,1
51017803,1
51017900,1
51017901,1
51017902,1
51017903,1
51018000,1
51018001,1
51018002,1
51018003,1
51018101,1
51018102,1
51018103,1
51018200,1
51018201,1
51018202,1
51018203,1
51018300,1
51018301,1
51018302,1
51018303,1
51018400,1
51018401,1
51018500,1
51018501,1
51018600,1
51018601,1
51018800,1
51018801,1
51018900,1
51018901,1
51018902,1
51018903,1
51019000,1
51019010,1
51019020,1
51019100,1
51019200,1
51019301,1
51019303,1
51019400,1
51019401,1
51019501,1
51019502,1
51019503,1
51019800,1
51019801,1
51019802,1
51019900,1
51019901,1
51020000,1
51020001,1
51020003,1
51020100,1
51020200,1
51020300,1
51030000,1
51030001,1
51030002,1
51030003,1
51030100,1
51030101,1
51030102,1
51030103,1
51050000,1
51050001,1
51050002,1
51050003,1
51050021,1
51050100,1
51050101,1
51050102,1
51050103,1
51050200,1
51050201,1
51050202,1
51050203,1
51050210,1
51050300,1
51050301,1
51050302,1
51050303,1
51050600,1
51050601,1
51050602,1
51050603,1
51050700,1
51050701,1
51050702,1
51050703,1
51050800,1
51050801,1
51050802,1
51050803,1
51050900,1
51050901,1
51050902,1
51050903,1
51051000,1
51051001,1
51051002,1
51051003,1
51051100,1
51051101,1
51051102,1
51051103,1
51051200,1
51051201,1
51051202,1
51051203,1
51051300,1
51051301,1
51051302,1
51051303,1
51051400,1
51051401,1
51051402,1
51051403,1
51051500,1
51051501,1
51051502,1
51051503,1
51051600,1
51051601,1
51051602,1
51051603,1
51051800,1
51051801,1
51051802,1
51051803,1
51051820,1
51051830,1
51051840,1
51052000,1
51052001,1
51052002,1
51052003,1
51052100,1
51052101,1
51052102,1
51052103,1
51052200,1
51052201,1
51052202,1
51052203,1
51052300,1
51052301,1
51052302,1
51052303,1
51052311,1
51052400,1
51052401,1
51052402,1
51052403,1
51052500,1
51052501,1
51052502,1
51052503,1
51052520,1
51052521,1
51052530,1
51052531,1
51052532,1
51052533,1
51052600,1
51052601,1
51052602,1
51052603,1
51052700,1
51052701,1
51052702,1
51052703,1
51052720,1
51052800,1
51052801,1
51052802,1
51052803,1
51052900,1
51053000,1
51053100,1
51053200,1
51053300,1
51070000,1
51070010,1
51070200,1
52001002,1
52001012,1
52001022,1
52001032,1
52001042,1
52001051,1
52001060,1
52001070,1
52001080,1
52001090,1
52001100,1
52001110,1
52001140,1
52001150,1
52001161,1
52001171,1
52001181,1
52001191,1
52001201,1
52001210,1
52001221,1
52001231,1
52001250,1
52002000,1
52002010,1
52002020,1
52002030,1
52002040,1
52002050,1
52002060,1
52002070,1
52002081,1
52002090,1
52002100,1
52002110,1
52002120,1
52002130,1
52002140,1
52002150,1
52002160,1
52002170,1
52002180,1
52002190,1
52002200,1
52002210,1
52002220,1
52002230,1
52002240,1
52002250,1
52003001,1
52003050,1
52003060,1
52003070,1
52003080,1
52003090,1
52004003,1
52004012,1
52004022,1
52004032,1
52004042,1
52004052,1
52004060,1
52004070,1
52004080,1
52004090,1
52004100,1
52004110,1
52005000,1
52005010,1
52005020,1
52005030,1
52005040,1
52005050,1
52005060,1
52006000,1
52006010,1
52006020,1
52006040,1
52006050,1
52006060,1
52006070,1
52006080,1
52006090,1
52006100,1
52006110,1
52006130,1
52006140,1
52006150,1
52007000,1
52007010,1
52007020,1
52007030,1
52007040,1
52007050,1
52007060,1
52007070,1
52007080,1
52007090,1
52007100,1
52007110,1
52007120,1
52007130,1
52007140,1
52007150,1
52008000,1
52008010,1
52008020,1
52008030,1
52008040,1
52008050,1
52008060,1
52008070,1
52008090,1
52008100,1
52008110,1
52008120,1
52008130,1
52008140,1
52008150,1
52008160,1
52008170,1
52008180,1
52008190,1
52008200,1
52008210,1
52008220,1
52008230,1
52008240,1
53004000,1
53004001,1
53004010,1
53004020,1
53004021,1
53004030,1
53004040,1
53004050,1
53004060,1
53004070,1
53004080,1
53004090,1
53004100,1
53004110,1
53004120,1
53004130,1
53004140,1
53004200,1
53004210,1
53004220,1
53004230,1
53004300,1
53004301,1
53004302,1
53004310,1
53004320,1
53004360,1
53004361,1
53004362,1
53004370,1
53004380,1
53004381,1
53004390,1
53004391,1
53004392,1
53004400,1
53004401,1
53004410,1
53004420,1
53004430,1
53004431,1
53004440,1
53004450,1
53004460,1
53004470,1
53004480,1
53004481,1
53004490,1
53004500,1
53004510,1
53004520,1
53004530,1
53004600,1
53004610,1
53004620,1
53004630,1
53004650,1
53004660,1
53004670,1
53004700,1
53004701,1
53004710,1
53004711,1
53004720,1
53004721,1
53004722,1
53004723,1
53004730,1
53004800,1
53004810,1
53004820,1
53004830,1
53004840,1
53004850,1
53004900,1
53004910,1
53004911,1
53004920,1
53004930,1
53004940,1
53004950,1
53005000,1
53005001,1
53005002,1
53005010,1
53005020,1
53005030,1
53005040,1
53005050,1
53005060,1
53005070,1
53005100,1
53005110,1
53005200,1
53005300,1
53005301,1
53005310,1
53005320,1
53005400,1
53005410,1
53006000,1
53006001,1
53006010,1
53006020,1
53006030,1
53006040,1
53006050,1
53006060,1
53006100,1
53006110,1
53006120,1
53006190,1
53006210,1
53006220,1
53006230,1
53006240,1
53006250,1
53006260,1
53006270,1
53006300,1
53006310,1
53006320,1
53006330,1
53006400,1
53006410,1
53006411,1
53006412,1
53006420,1
53006421,1
53006422,1
53006423,1
53006424,1
53006425,1
53006430,1
53006431,1
53006432,1
53006440,1
53006441,1
53006450,1
53006460,1
53006461,1
53006470,1
53006471,1
53006480,1
53006481,1
53006490,1
53006500,1
53006510,1
53006520,1
53006530,1
53006600,1
53006690,1
53006700,1
53006701,1
53006710,1
53006711,1
53006720,1
53006721,1
53006730,1
53006740,1
53006750,1
53006760,1
53006770,1
53006780,1
53006790,1
53006800,1
53006810,1
53006820,1
53006830,1
53006840,1
53006850,1
53006860,1
53006900,1
53006901,1
53006910,1
53006920,1
53006921,1
53006930,1
53006940,1
53006941,1
53006942,1
53006950,1
53006960,1
53006970,1
53006971,1
53006972,1
53006973,1
53006974,1
53006980,1
53006990,1
53007000,1
53007001,1
53007010,1
53007011,1
53007020,1
53007021,1
53007022,1
53007030,1
53007031,1
53007040,1
53007041,1
53007050,1
53007051,1
53007060,1
53007070,1
53007071,1
53007080,1
53007090,1
53007200,1
53007201,1
53007210,1
53007220,1
53007230,1
53007231,1
53007240,1
53007250,1
53007260,1
53007270,1
53007300,1
53007310,1
53007311,1
53007320,1
53007330,1
53007350,1
53007500,1
53007510,1
53007520,1
53007530,1
53007540,1
53007550,1
53007600,1
53007700,1
53007800,1
53007810,1
53007820,1
53007830,1
53007840,1
53007900,1
53007910,1
53007920,1
54000100,1
54000101,1
54000102,1
54000103,1
54000104,1
54000105,1
54000108,1
54000109,1
54000110,1
54000111,1
54000112,1
54000113,1
54000114,1
54000115,1
54000116,1
54000118,1
54000119,1
54000120,1
54000122,1
54000123,1
54000124,1
54000125,1
54000126,1
54000200,1
54000201,1
54000202,1
54000203,1
54000204,1
54000205,1
54000207,1
54000208,1
54000209,1
54000210,1
54000212,1
54000213,1
54000214,1
54000216,1
54000217,1
54000219,1
54000220,1
54000221,1
54000222,1
54000224,1
54000225,1
54000226,1
54000227,1
54000228,1
54000300,1
54000301,1
54000302,1
54000305,1
54000306,1
54000307,1
54000308,1
54000309,1
54000310,1
54000400,1
54000401,1
54000402,1
54000404,1
54000405,1
54000406,1
54000501,1
54000502,1
54000503,1
54000504,1
54000505,1
54000506,1
54000507,1
54000508,1
54000509,1
54000600,1
54000601,1
54000602,1
54000603,1
54000604,1
54000605,1
54000606,1
54000607,1
54000650,1
54000651,1
54000652,1
54000653,1
54000654,1
54000700,1
54000701,1
54000702,1
54000800,1
54000802,1
54000850,1
54002000,1
54002001,1
54004000,1
54004010,1
54004020,1
54004030,1
54004040,1
54004050,1
54004060,1
54004070,1
54004090,1
54004100,1
54004110,1
54004120,1
54004130,1
54004140,1
54004150,1
54004160,1
54004170,1
54004180,1
54004190,1
54004220,1
54005050,1
54005480,1
54008000,1
55093000,1
55093010,1
55093020,1
55093030,1
55093040,1
55093050,1
55093060,1
55093070,1
55093080,1
55093090,1
55093100,1
55093110,1
55093120,1
55093130,1
55093140,1
55093150,1
55093200,1
55093210,1
55093220,1
55093230,1
55093240,1
55093250,1
55093260,1
55093270,1
55093280,1
55093290,1
55093300,1
55093310,1
55093400,1
55093410,1
55093420,1
55093430,1
55093440,1
55093450,1
55093460,1
55093470,1
55093480,1
55093490,1
55093600,1
55093610,1
55093620,1
55093630,1
55093640,1
55093650,1
55093800,1
55093810,1
55093820,1
55093830,1
55093840,1
55093850,1
55093860,1
55093870,1
55093880,1
55093890,1
55093900,1
55093910,1
55093920,1
55093930,1
55093940,1
55093950,1
55094000,1
55094010,1
55094020,1
55094030,1
55094040,1
55094200,1
55094210,1
55094220,1
55094230,1
55094400,1
55094410,1
55094510,1
55099301,1
55099302,1
55099303,1
55099304,1
55099305,1
55099306,1
55099307,1
55099308,1
55099309,1
55099310,1
55099311,1
55099312,1
55099313,1
55099314,1
55099315,1
55099316,1
55099317,1
55099318,1
55099319,1
55099320,1
55099321,1
55099322,1
55099323,1
55099324,1
55099325,1
55099326,1
55099327,1
55099328,1
55099329,1
55099330,1
55099331,1
55099332,1
55099333,1
55099334,1
55099335,1
55099336,1
55099337,1
55099338,1
55099339,1
55099340,1
55099341,1
55099342,1
55099343,1
55099344,1
55099345,1
56089800,1
56602010,1
56602020,1
56602030,1
56602100,1
56603000,1
56603010,1
56603011,1
56603040,1
56603080,1
56603130,1
56603140,1
56603361,1
56701000,1
56702000,1
56703000,1
56704000,1
56705000,1
56706000,1
56902000,1
56902100,1
56902300,1
56902500,1
56902600,1
56902700,1
56902800,1
56902900,1
56903000,1
56903100,1
56910070,1
56913400,1
56913410,1
56913420,1
56913500,1
56913510,1
56913520,1
56913530,1
56913600,1
56913610,1
56913620,1
56913630,1
56913640,1
56913650,1
56913660,1
56913700,1
56913710,1
56913720,1
56913730,1
56913740,1
56913750,1
56913760,1
56913770,1
56913780,1
56913790,1
57200000,1
57201000,1
57202000,1
57203000,1
57204000,1
57205000,1
57206000,1
57207000,1
57208000,1
57209000,1
57210000,1
57211000,1
57212000,1
57213000,1
57214000,1
57215000,1
57216000,1
57217000,1
57218000,1
57219000,1
57220000,1
57221000,1
57222000,1
57223000,1
57224000,1
57225000,1
57226000,1
57227000,1
57228000,1
57229000,1
57230000,1
57231000,1
57232000,1
57233000,1
57234000,1
57235000,1
57236000,1
57237000,1
57238000,1
57239000,1
57240000,1
57241000,1
57242000,1
57243000,1
57244000,1
57245000,1
57246000,1
57247000,1
57248000,1
57249000,1
57250000,1
57251000,1
57252000,1
57253000,1
57254000,1
57255000,1
57256000,1
57257000,1
57258000,1
57259000,1
57260000,1
57261000,1
57262000,1
57263000,1
57264000,1
57265000,1
57266000,1
57267000,1
57268000,1
57269000,1
57270000,1
57271000,1
57272000,1
57273000,1
57274000,1
57275000,1
57276000,1
57277000,1
57278000,1
57279000,1
57280000,1
57281000,1
57282000,1
57283000,1
57284000,1
57285000,1
57286000,1
57287000,1
57288000,1
57289000,1
57290000,1
58011000,1
58011001,1
58011002,1
58011003,1
58011004,1
58011005,1
58011006,1
58011007,1
58011008,1
58011009,1
58011010,1
58011011,1
58011012,1
58011013,1
58011014,1
58011015,1
58011016,1
58011017,1
58011018,1
58011019,1
58011020,1
58011021,1
58011022,1
58011023,1
58011024,1
58011025,1
58011026,1
58011027,1
58011028,1
58011029,1
58011030,1
58011031,1
58011032,1
58011033,1
58011034,1
58011210,1
58011220,1
58011230,1
58011240,1
58011250,1
58011260,1
58011270,1
